,date,close_000166.XSHE,close_000416.XSHE,close_000563.XSHE,close_000567.XSHE,close_000617.XSHE,close_000627.XSHE,close_000686.XSHE,close_000712.XSHE,close_000728.XSHE
0,2017-01-03,6.07,11.47,7.17,38.07,18.64,7.76,12.23,23.19,13.07
1,2017-01-04,6.07,11.5,7.17,38.51,19.57,7.78,12.25,23.83,13.12
2,2017-01-05,6.07,11.66,7.17,39.67,20.55,7.79,12.17,23.53,13.02
3,2017-01-06,6.07,11.68,7.17,38.51,21.58,7.78,12.01,22.83,12.89
4,2017-01-09,6.07,11.67,7.17,38.67,22.66,7.75,12.14,22.47,12.86
5,2017-01-10,6.07,11.75,7.17,38.17,21.52,7.77,12.16,22.25,12.82
6,2017-01-11,6.07,11.52,7.17,39.07,21.53,7.71,11.94,21.88,12.73
7,2017-01-12,6.07,11.6,7.17,38.9,21.28,7.56,11.89,22.33,12.76
8,2017-01-13,6.07,12.12,7.17,38.58,21.28,7.53,11.85,21.85,12.57
9,2017-01-16,6.07,11.25,7.17,35.14,19.38,7.24,11.57,21.07,11.85
10,2017-01-17,6.07,11.07,7.17,33.8,18.24,7.25,11.6,21.05,11.72
11,2017-01-18,6.07,11.1,6.45,33.51,17.63,7.32,11.55,20.83,11.57
12,2017-01-19,6.07,11.09,5.81,33.31,17.51,7.25,11.56,21.7,11.72
13,2017-01-20,6.07,11.83,5.74,34.01,17.3,7.35,11.74,22.09,11.91
14,2017-01-23,6.07,11.77,5.71,34.13,17.37,7.36,11.84,22.07,11.94
15,2017-01-24,6.07,12.16,5.53,33.55,19.1,7.66,11.75,21.99,11.87
16,2017-01-25,6.07,12.0,5.74,33.27,18.91,7.64,11.79,22.2,11.9
17,2017-01-26,6.13,12.13,5.69,33.36,18.3,7.64,11.87,22.75,11.92
18,2017-02-03,6.07,11.78,5.74,33.58,18.64,7.48,11.79,22.88,11.79
19,2017-02-06,6.12,11.86,5.74,33.97,18.47,7.55,11.81,22.74,11.84
20,2017-02-07,6.12,12.02,5.89,34.4,19.42,7.51,11.69,23.37,11.64
21,2017-02-08,6.2,11.95,5.9,34.52,19.3,7.54,11.95,23.33,12.1
22,2017-02-09,6.2,12.45,5.9,34.58,19.41,7.6,11.93,23.34,12.11
23,2017-02-10,6.23,12.16,5.87,33.55,19.0,7.62,11.99,23.0,12.24
24,2017-02-13,6.25,12.11,5.9,33.83,18.19,7.68,12.05,22.94,12.73
25,2017-02-14,6.24,11.99,5.85,34.18,18.25,7.63,12.03,22.79,12.63
26,2017-02-15,6.21,11.9,5.99,34.68,17.78,7.56,11.96,20.99,12.56
27,2017-02-16,6.27,12.09,6.35,34.99,17.94,7.69,12.1,21.33,12.85
28,2017-02-17,6.27,11.75,6.2,33.8,17.19,7.79,12.14,21.4,12.77
29,2017-02-20,6.31,11.78,6.2,33.43,17.4,7.89,12.33,21.23,13.07
30,2017-02-21,6.34,11.96,6.2,33.71,18.26,7.88,12.38,21.32,13.43
31,2017-02-22,6.32,11.72,6.2,34.08,18.0,7.84,12.31,21.59,13.57
32,2017-02-23,6.25,11.62,5.93,33.45,17.74,7.71,12.1,21.28,13.29
33,2017-02-24,6.27,11.58,5.97,33.63,17.97,7.75,12.17,21.5,13.16
34,2017-02-27,6.2,11.6,5.88,33.4,17.89,7.6,11.98,21.21,12.86
35,2017-02-28,6.22,11.71,6.09,32.4,19.68,7.64,12.06,21.4,12.93
36,2017-03-01,6.21,11.68,6.08,33.94,21.65,7.65,12.08,21.2,12.87
37,2017-03-02,6.2,11.63,6.17,34.03,20.74,7.6,12.08,21.18,12.95
38,2017-03-03,6.14,11.2,6.36,33.51,21.32,7.64,11.95,20.77,12.81
39,2017-03-06,6.18,11.24,6.35,34.43,20.03,7.67,12.1,21.15,13.11
40,2017-03-07,6.17,11.36,6.23,35.91,19.23,7.76,12.06,21.21,13.04
41,2017-03-08,6.13,11.39,6.26,34.97,19.52,7.67,11.95,21.36,12.86
42,2017-03-09,6.09,11.32,6.11,34.9,19.17,7.52,11.79,21.39,12.72
43,2017-03-10,6.09,11.34,6.3,34.47,19.1,7.56,11.77,22.26,12.72
44,2017-03-13,6.12,11.32,6.35,33.97,19.33,7.56,11.85,22.12,12.89
45,2017-03-14,6.1,11.3,6.28,33.75,19.1,7.58,11.78,22.21,12.75
46,2017-03-15,6.11,11.28,6.21,33.29,18.82,7.59,11.8,22.51,12.77
47,2017-03-16,6.2,11.43,6.46,34.13,19.03,7.69,12.13,23.15,13.43
48,2017-03-17,6.11,11.25,6.27,33.43,19.18,7.58,11.83,22.46,12.91
49,2017-03-20,6.1,11.42,6.42,33.36,19.3,7.58,11.87,22.87,12.81
50,2017-03-21,6.08,11.45,6.42,33.46,19.35,7.55,11.78,23.54,12.73
51,2017-03-22,6.03,11.53,6.3,32.61,19.07,7.42,11.62,23.6,12.5
52,2017-03-23,6.04,11.37,6.15,32.38,18.37,7.39,11.65,23.62,12.61
53,2017-03-24,6.11,11.34,6.13,31.9,18.14,7.45,11.88,23.68,13.33
54,2017-03-27,6.11,10.86,6.15,32.27,18.32,7.45,11.8,23.39,13.23
55,2017-03-28,6.09,10.54,6.02,32.3,20.15,7.42,11.8,23.63,13.42
56,2017-03-29,6.05,10.42,5.96,32.05,20.05,7.55,11.7,23.0,13.34
57,2017-03-30,6.0,10.44,5.82,30.42,18.88,7.38,11.58,23.11,13.46
58,2017-03-31,6.02,10.4,5.88,30.58,18.43,7.48,11.64,23.08,13.15
59,2017-04-05,6.1,10.59,6.07,30.91,18.72,7.54,11.92,23.56,13.91
60,2017-04-06,6.09,10.44,6.06,30.76,18.84,7.52,11.85,24.03,13.87
61,2017-04-07,6.1,10.33,6.19,30.93,19.22,7.55,11.84,23.89,13.74
62,2017-04-10,6.07,10.27,6.34,29.55,19.5,7.46,11.73,23.49,13.72
63,2017-04-11,6.09,10.14,6.43,29.33,19.27,7.45,11.84,23.3,13.92
64,2017-04-12,6.06,10.06,6.25,29.24,18.69,7.46,11.77,23.66,13.98
65,2017-04-13,6.06,10.05,6.47,29.87,19.24,7.52,11.7,23.43,13.91
66,2017-04-14,5.99,9.98,6.27,31.85,18.85,7.41,11.54,22.5,13.51
67,2017-04-17,5.96,9.62,6.03,30.63,18.95,7.23,11.55,22.15,13.64
68,2017-04-18,5.94,9.66,6.02,30.43,18.6,7.15,11.35,21.75,13.4
69,2017-04-19,5.87,9.4,6.01,27.91,18.2,7.08,11.24,21.79,13.32
70,2017-04-20,5.85,9.16,5.85,25.51,18.45,6.99,11.12,21.41,13.11
71,2017-04-21,5.86,9.15,5.85,25.99,18.56,7.01,11.19,22.07,13.21
72,2017-04-24,5.75,8.57,5.6,24.84,17.54,6.72,10.98,21.62,13.29
73,2017-04-25,5.74,8.65,5.61,24.9,16.83,6.8,10.81,21.53,13.09
74,2017-04-26,5.75,8.89,5.65,25.33,16.81,6.83,10.86,21.92,13.25
75,2017-04-27,5.73,9.02,5.77,25.55,16.91,6.79,10.9,22.5,13.5
76,2017-04-28,5.74,9.18,5.74,25.78,17.09,6.77,10.92,22.46,13.5
77,2017-05-02,5.7,9.15,5.71,25.84,16.96,6.84,10.75,22.35,13.25
78,2017-05-03,5.66,8.85,5.65,25.98,16.75,7.02,10.58,20.12,12.99
79,2017-05-04,5.55,8.85,5.58,25.49,16.75,6.93,10.4,18.1,12.61
80,2017-05-05,5.4,8.74,5.31,25.63,16.41,6.79,9.67,16.29,11.6
81,2017-05-08,5.35,8.53,5.17,25.05,16.42,6.84,9.57,15.42,11.5
82,2017-05-09,5.4,8.67,5.18,25.2,16.37,6.79,9.65,15.31,11.64
83,2017-05-10,5.34,8.86,5.14,24.97,15.91,7.08,9.49,14.93,11.23
84,2017-05-11,5.32,8.63,4.92,24.28,15.28,6.98,9.42,14.51,11.33
85,2017-05-12,5.41,8.45,4.95,24.14,15.38,7.68,9.58,15.08,11.47
86,2017-05-15,5.39,8.08,4.88,24.32,16.02,7.61,9.53,14.81,11.48
87,2017-05-16,5.41,8.15,4.97,25.04,16.04,7.62,9.63,15.06,11.63
88,2017-05-17,5.42,8.14,4.98,24.9,16.18,7.46,9.67,15.11,11.72
89,2017-05-18,5.35,8.08,4.94,24.5,16.04,7.28,9.47,14.85,11.63
90,2017-05-19,5.33,8.18,4.91,23.97,15.86,7.24,9.34,15.06,11.56
91,2017-05-22,5.28,7.96,4.79,23.14,15.81,7.32,9.11,14.53,11.2
92,2017-05-23,5.3,7.53,4.33,22.0,14.97,7.38,9.04,14.28,10.47
93,2017-05-24,5.31,7.48,4.43,22.02,14.69,7.06,9.08,14.71,10.67
94,2017-05-25,5.48,7.53,4.56,22.06,15.0,7.19,9.51,15.32,11.74
95,2017-05-26,5.47,7.59,4.55,22.1,14.88,7.16,9.43,15.01,11.99
96,2017-05-31,5.53,7.69,4.62,22.1,14.62,6.98,9.46,15.11,11.83
97,2017-06-01,5.49,7.59,4.43,22.0,14.51,6.76,9.33,14.56,11.98
98,2017-06-02,5.48,7.6,4.56,22.18,14.29,6.86,9.39,14.87,11.96
99,2017-06-05,5.49,7.67,4.59,22.18,14.35,6.99,9.38,15.0,12.04
100,2017-06-06,5.52,7.76,4.62,22.28,14.24,6.96,9.48,15.1,12.13
101,2017-06-07,5.55,7.93,4.71,22.96,14.67,7.04,9.61,15.33,12.37
102,2017-06-08,5.53,7.88,4.71,24.2,14.46,7.14,9.57,15.32,12.29
103,2017-06-09,5.55,8.09,4.67,24.3,14.45,7.17,9.55,15.32,12.13
104,2017-06-12,5.45,7.95,4.64,23.5,14.14,7.17,9.33,15.71,11.86
105,2017-06-13,5.5,8.02,4.7,24.0,14.34,7.18,9.49,16.23,12.1
106,2017-06-14,5.51,8.08,4.66,24.26,14.71,7.04,9.51,16.73,12.0
107,2017-06-15,5.52,8.15,4.76,24.75,14.75,7.03,9.65,16.56,12.21
108,2017-06-16,5.46,8.22,4.75,24.8,14.7,7.05,9.6,16.65,12.3
109,2017-06-19,5.53,8.2,4.81,24.84,14.97,7.13,9.84,16.45,12.58
110,2017-06-20,5.51,8.16,4.81,25.01,14.88,7.13,9.78,16.52,12.44
111,2017-06-21,5.52,8.06,4.81,25.02,15.26,7.28,9.73,16.46,12.45
112,2017-06-22,5.52,7.99,4.81,24.46,15.53,7.58,9.72,16.4,12.43
113,2017-06-23,5.49,7.83,4.81,23.98,15.22,8.28,9.78,16.15,12.31
114,2017-06-26,5.56,7.96,4.81,26.38,15.23,8.16,9.9,16.51,12.57
115,2017-06-27,5.55,7.96,5.02,27.03,15.14,8.11,9.88,16.56,12.5
116,2017-06-28,5.52,7.93,5.09,27.08,14.81,7.92,9.82,16.3,12.27
117,2017-06-29,5.51,7.9,5.02,26.95,14.84,8.01,9.82,16.32,12.18
118,2017-06-30,5.53,7.93,4.97,26.18,15.28,8.03,9.81,16.09,11.97
119,2017-07-03,5.56,8.06,5.02,26.52,15.25,8.02,9.77,16.22,11.98
120,2017-07-04,5.55,8.06,4.96,26.1,15.22,7.79,9.63,16.04,11.83
121,2017-07-05,5.57,8.09,5.02,26.12,15.71,8.28,9.79,16.21,12.11
122,2017-07-06,5.58,8.08,4.96,26.32,16.29,8.45,9.74,16.8,11.98
123,2017-07-07,5.67,8.15,4.99,26.05,16.25,8.36,9.9,17.07,12.34
124,2017-07-10,5.67,8.05,5.15,27.12,16.13,8.49,9.99,17.69,12.45
125,2017-07-11,5.68,7.98,5.03,26.48,15.94,8.81,9.9,17.44,12.38
126,2017-07-12,5.65,8.02,5.0,26.1,16.14,8.92,9.9,18.54,12.22
127,2017-07-13,5.74,7.94,5.15,26.82,16.31,8.92,10.08,18.54,12.89
128,2017-07-14,5.72,7.89,5.09,27.14,16.13,9.26,9.98,18.46,12.96
129,2017-07-17,5.55,7.43,5.15,27.2,15.21,9.6,9.53,17.32,12.25
130,2017-07-18,5.55,7.45,5.55,27.05,15.48,9.88,9.55,17.85,12.12
131,2017-07-19,5.84,7.45,5.66,28.08,16.34,9.86,10.14,18.77,13.16
132,2017-07-20,5.8,8.2,5.72,27.58,16.68,10.26,10.19,18.61,13.1
133,2017-07-21,5.77,8.69,5.67,27.38,16.33,10.86,10.1,19.2,12.96
134,2017-07-24,5.77,8.85,5.81,29.01,17.97,10.43,10.26,20.01,13.08
135,2017-07-25,5.73,8.68,5.59,28.41,17.46,10.75,10.15,19.67,12.86
136,2017-07-26,5.75,8.88,5.61,28.18,17.69,10.17,10.46,19.76,12.96
137,2017-07-27,5.83,8.66,5.48,28.23,17.29,9.69,10.49,19.29,13.1
138,2017-07-28,5.8,8.59,5.46,27.82,17.18,9.76,10.37,19.14,12.91
139,2017-07-31,5.84,8.65,5.54,27.38,17.31,10.06,10.43,19.18,13.02
140,2017-08-01,5.87,8.92,5.57,26.92,17.39,10.3,10.51,19.3,13.2
141,2017-08-02,5.89,8.65,5.54,27.0,17.23,9.95,10.5,19.06,13.68
142,2017-08-03,5.88,8.51,5.41,27.02,17.05,9.77,10.44,19.09,13.56
143,2017-08-04,5.9,8.35,5.39,25.6,16.95,9.34,10.45,19.11,13.63
144,2017-08-07,5.84,8.4,5.39,25.88,17.05,9.19,10.59,19.16,13.56
145,2017-08-08,5.86,8.54,5.42,26.08,17.65,9.33,10.64,19.47,13.85
146,2017-08-09,5.78,8.43,5.3,25.64,17.33,9.18,10.42,19.34,13.54
147,2017-08-10,5.77,8.19,5.24,25.79,16.62,9.32,10.51,18.69,13.36
148,2017-08-11,5.61,7.86,5.08,24.3,16.17,8.84,10.09,17.59,12.67
149,2017-08-14,5.78,8.06,5.17,24.31,16.47,8.99,10.5,17.97,12.99
150,2017-08-15,5.75,8.03,5.23,24.66,16.29,9.39,10.31,18.01,12.86
151,2017-08-16,5.74,8.09,5.22,25.1,16.55,9.26,10.31,18.17,12.94
152,2017-08-17,5.79,8.09,5.25,24.97,16.57,9.37,10.43,18.08,13.1
153,2017-08-18,5.73,8.02,5.22,25.03,16.77,9.51,10.28,18.02,12.86
154,2017-08-21,5.75,8.05,5.25,25.39,17.01,9.37,10.34,18.07,13.05
155,2017-08-22,5.71,8.1,5.18,25.08,16.94,9.29,10.28,17.75,13.13
156,2017-08-23,5.76,8.21,5.17,25.18,16.67,9.02,10.28,17.85,13.37
157,2017-08-24,5.68,8.04,5.1,24.87,16.47,9.03,10.05,17.62,13.1
158,2017-08-25,5.8,8.12,5.21,24.92,16.63,9.32,10.29,17.98,13.77
159,2017-08-28,6.04,8.28,5.41,25.44,17.01,9.51,10.76,18.78,14.51
160,2017-08-29,5.96,8.33,5.35,25.39,17.3,9.47,10.63,18.51,14.29
161,2017-08-30,5.99,8.29,5.35,26.49,17.24,9.58,10.74,18.53,14.18
162,2017-08-31,6.01,8.2,5.34,26.45,17.18,9.54,10.82,18.63,14.29
163,2017-09-01,6.03,8.2,5.32,26.48,17.29,9.43,10.78,19.03,14.37
164,2017-09-04,6.01,8.21,5.36,25.81,17.02,9.29,10.69,19.58,14.43
165,2017-09-05,6.0,8.09,5.32,25.83,17.54,9.72,10.67,19.5,14.24
166,2017-09-06,5.96,8.16,5.23,25.88,17.33,9.63,10.68,19.3,14.14
167,2017-09-07,5.9,8.1,5.22,26.12,17.07,9.54,10.49,18.92,13.97
168,2017-09-08,5.9,8.09,5.22,26.99,17.08,9.52,10.5,18.96,14.01
169,2017-09-11,5.91,8.04,5.21,27.12,17.13,9.36,10.54,18.91,14.16
170,2017-09-12,5.94,8.04,5.32,26.85,17.24,9.61,10.57,19.65,14.25
171,2017-09-13,5.91,8.06,5.25,26.82,17.13,9.48,10.52,19.68,14.2
172,2017-09-14,5.89,8.11,5.29,26.69,16.92,9.32,10.42,20.31,14.22
173,2017-09-15,5.89,8.02,5.36,27.95,16.92,9.35,10.4,20.46,14.32
174,2017-09-18,5.93,8.0,5.37,28.4,17.15,9.33,10.55,20.5,14.48
175,2017-09-19,5.87,7.98,5.41,30.7,16.79,9.38,10.43,19.76,14.15
176,2017-09-20,5.92,8.04,5.39,31.99,16.78,9.17,10.47,19.86,14.12
177,2017-09-21,5.86,7.92,5.37,30.6,16.64,9.13,10.41,20.79,13.86
178,2017-09-22,5.82,7.8,5.25,30.12,16.37,9.11,10.33,20.39,13.66
179,2017-09-25,5.77,7.7,5.08,30.5,16.15,8.87,10.2,19.57,13.5
180,2017-09-26,5.77,7.65,5.1,30.12,16.35,8.93,10.15,20.53,13.67
181,2017-09-27,5.77,7.86,5.1,30.52,16.42,8.94,10.14,20.89,13.74
182,2017-09-28,5.74,7.69,5.03,30.57,16.33,8.79,10.09,20.57,13.68
183,2017-09-29,5.76,7.78,5.05,31.33,16.51,8.79,10.15,21.05,13.8
184,2017-10-09,5.79,7.85,5.11,30.95,16.54,9.02,10.22,21.13,13.84
185,2017-10-10,5.82,7.88,5.14,30.0,16.57,9.03,10.34,21.05,13.86
186,2017-10-11,5.82,7.95,5.12,29.66,16.43,9.07,10.25,20.52,13.74
187,2017-10-12,5.81,7.83,5.13,29.01,16.21,9.06,10.21,20.61,13.59
188,2017-10-13,5.83,7.85,5.12,29.37,16.37,9.03,10.19,20.57,13.61
189,2017-10-16,5.77,7.66,5.06,29.67,17.09,8.94,9.95,19.98,13.25
190,2017-10-17,5.76,7.64,5.08,28.92,16.87,8.99,9.96,19.83,13.02
191,2017-10-18,5.78,7.58,5.02,28.0,16.76,8.85,9.89,19.44,12.84
192,2017-10-19,5.67,7.39,4.9,28.2,16.35,8.55,9.67,18.61,12.35
193,2017-10-20,5.68,7.55,4.91,29.17,16.54,8.64,9.77,18.86,12.44
194,2017-10-23,5.66,7.57,4.92,29.16,16.37,8.87,9.76,19.22,12.46
195,2017-10-24,5.75,7.63,4.9,28.87,16.21,9.02,9.88,19.13,12.64
196,2017-10-25,5.73,7.6,4.92,29.39,16.26,8.98,9.88,19.48,12.61
197,2017-10-26,5.76,7.62,5.0,29.59,16.38,9.1,9.91,19.57,12.62
198,2017-10-27,5.71,7.53,4.93,29.21,16.45,9.04,9.85,19.38,12.47
199,2017-10-30,5.58,7.73,4.83,27.92,15.48,9.26,9.53,18.68,12.09
200,2017-10-31,5.58,7.44,4.9,28.41,15.47,9.08,9.52,18.82,12.08
201,2017-11-01,5.53,7.41,4.91,29.71,15.41,9.31,9.5,18.75,12.23
202,2017-11-02,5.58,7.24,4.88,29.28,15.01,9.47,9.58,18.6,12.41
203,2017-11-03,5.52,7.18,4.86,28.46,14.81,9.72,9.48,19.13,12.23
204,2017-11-06,5.51,7.22,4.88,26.03,14.82,9.73,9.49,18.99,12.42
205,2017-11-07,5.57,7.42,4.92,25.65,15.27,9.81,9.56,19.18,12.5
206,2017-11-08,5.63,7.37,4.97,25.37,15.2,9.54,9.67,19.46,12.66
207,2017-11-09,5.62,7.38,4.91,25.86,15.2,9.73,9.63,19.39,12.65
208,2017-11-10,5.62,7.64,4.92,26.68,15.13,10.07,9.67,19.39,12.66
209,2017-11-13,5.61,8.4,4.99,26.29,15.17,10.18,9.65,17.45,12.56
210,2017-11-14,5.53,8.09,4.98,26.58,14.97,10.59,9.54,17.99,12.35
211,2017-11-15,5.54,7.92,4.91,25.53,14.63,10.23,9.49,17.73,12.12
212,2017-11-16,5.51,8.46,4.95,25.94,14.88,10.5,9.34,17.71,11.98
213,2017-11-17,5.54,8.25,4.82,24.9,14.33,10.12,9.25,16.66,12.01
214,2017-11-20,5.5,8.24,4.65,25.53,14.31,9.78,9.16,17.0,11.76
215,2017-11-21,5.64,8.57,4.66,24.94,14.65,10.33,9.38,17.45,12.14
216,2017-11-22,5.63,8.55,4.65,23.64,14.67,10.21,9.29,17.19,12.03
217,2017-11-23,5.52,8.05,4.44,23.48,13.92,10.08,9.06,16.94,11.79
218,2017-11-24,5.59,8.02,4.42,23.43,14.08,9.63,9.14,16.68,11.97
219,2017-11-27,5.6,8.07,4.38,23.5,14.01,9.19,9.15,16.52,11.99
220,2017-11-28,5.59,8.09,4.42,23.88,14.3,9.31,9.16,16.82,12.03
221,2017-11-29,5.59,7.97,4.39,24.35,14.36,9.36,9.23,16.78,12.09
222,2017-11-30,5.6,7.56,4.37,23.74,14.25,8.98,9.19,16.59,11.94
223,2017-12-01,5.53,7.54,4.37,23.53,14.3,9.02,9.17,17.24,11.95
224,2017-12-04,5.45,7.55,4.28,22.95,13.92,9.19,9.07,17.03,11.68
225,2017-12-05,5.48,7.28,4.28,22.06,13.76,8.83,9.1,16.12,11.71
226,2017-12-06,5.47,7.38,4.28,22.06,13.83,8.87,9.12,16.48,11.81
227,2017-12-07,5.43,7.41,4.28,22.07,13.66,8.72,9.06,16.37,11.65
228,2017-12-08,5.44,7.46,4.29,22.11,13.66,8.84,9.08,17.43,11.66
229,2017-12-11,5.45,7.49,4.33,22.55,13.91,9.07,9.14,17.39,11.73
230,2017-12-12,5.36,7.38,4.29,22.3,13.64,8.85,9.02,17.39,11.52
231,2017-12-13,5.35,7.33,4.29,22.36,13.67,9.02,9.04,17.39,11.54
232,2017-12-14,5.33,7.53,4.32,22.32,13.58,8.92,8.94,17.61,11.2
233,2017-12-15,5.3,7.46,4.29,22.51,13.35,8.79,8.88,17.62,11.12
234,2017-12-18,5.27,7.3,4.18,22.72,13.28,8.82,8.8,17.63,11.19
235,2017-12-19,5.3,7.33,4.22,22.47,13.47,9.06,8.88,17.62,11.24
236,2017-12-20,5.24,7.22,4.21,22.09,13.29,8.87,8.67,17.35,11.01
237,2017-12-21,5.23,7.13,4.16,22.04,13.2,8.88,8.69,17.7,11.02
238,2017-12-22,5.21,7.11,4.16,22.07,13.68,8.83,8.62,17.71,10.74
239,2017-12-25,5.13,7.05,4.0,23.78,13.58,8.84,8.48,17.15,10.57
240,2017-12-26,5.16,7.11,3.97,23.69,13.71,8.3,8.54,17.2,10.71
241,2017-12-27,5.16,6.99,3.94,23.7,14.37,8.11,8.55,16.91,10.63
242,2017-12-28,5.24,6.98,4.0,23.76,14.4,7.92,8.62,16.96,10.71
243,2017-12-29,5.31,7.06,4.09,24.0,14.69,7.95,8.64,16.78,10.77
244,2018-01-02,5.32,7.13,4.12,24.18,14.46,8.06,8.73,17.2,10.87
245,2018-01-03,5.31,7.38,4.13,24.84,14.2,8.2,8.79,17.26,10.96
246,2018-01-04,5.27,7.33,4.12,24.67,14.33,8.21,8.75,17.02,10.91
247,2018-01-05,5.29,7.35,4.14,24.53,14.21,8.15,8.76,17.06,10.92
248,2018-01-08,5.34,7.24,4.15,24.25,14.07,8.12,8.87,16.91,11.01
249,2018-01-09,5.3,7.19,4.11,23.95,14.13,8.26,8.83,16.53,10.89
250,2018-01-10,5.27,7.18,4.08,24.65,14.13,8.15,8.54,16.59,10.68
251,2018-01-11,5.27,7.26,4.06,24.93,14.14,8.18,8.55,16.81,10.69
252,2018-01-12,5.27,7.25,4.06,25.35,14.12,8.19,8.54,16.58,10.56
253,2018-01-15,5.2,7.04,3.94,24.05,13.6,8.3,8.36,15.69,10.13
254,2018-01-16,5.26,7.1,3.97,24.55,13.73,8.19,8.5,15.74,10.35
255,2018-01-17,5.4,7.25,4.37,24.58,14.6,8.44,8.75,16.01,10.76
256,2018-01-18,5.4,7.19,4.32,25.01,14.34,8.46,8.75,15.87,10.76
257,2018-01-19,5.52,7.28,4.48,24.9,14.99,8.63,9.05,16.64,11.18
258,2018-01-22,5.52,7.23,4.43,25.0,14.97,8.6,9.07,16.61,11.17
259,2018-01-23,5.5,7.19,4.41,26.0,15.04,8.65,9.2,16.59,11.19
260,2018-01-24,5.63,7.16,4.45,25.69,14.87,8.49,9.34,17.01,11.5
261,2018-01-25,5.49,7.16,4.39,25.85,15.0,8.39,9.14,16.68,11.23
262,2018-01-26,5.53,7.14,4.35,25.67,14.77,8.43,9.18,16.71,11.21
263,2018-01-29,5.53,6.98,4.34,25.89,14.49,8.1,9.03,16.29,11.0
264,2018-01-30,5.41,6.99,4.29,25.72,14.41,8.09,8.93,16.69,11.04
265,2018-01-31,5.29,6.61,4.1,24.5,14.0,7.99,8.71,16.02,10.68
266,2018-02-01,5.26,6.04,3.96,23.31,13.7,7.39,8.48,14.95,10.36
267,2018-02-02,5.31,6.06,3.95,23.39,13.89,7.48,8.49,14.78,10.31
268,2018-02-05,5.31,5.83,3.97,23.81,13.72,7.48,8.53,13.94,10.36
269,2018-02-06,5.27,5.24,3.8,22.41,12.85,7.25,8.19,12.63,9.89
270,2018-02-07,5.15,5.03,3.83,21.99,12.78,7.12,8.12,12.85,9.83
271,2018-02-08,5.17,5.03,3.87,22.88,12.83,7.23,8.21,13.03,9.87
272,2018-02-09,4.95,4.82,3.71,22.3,12.08,6.98,7.72,12.35,8.99
273,2018-02-12,4.91,5.0,3.75,23.0,12.85,7.05,7.73,12.92,9.02
274,2018-02-13,4.9,4.95,3.76,23.39,12.82,7.15,7.78,13.07,9.0
275,2018-02-14,4.92,4.98,3.76,25.5,12.87,7.16,7.72,13.21,8.86
276,2018-02-22,4.93,5.1,3.84,25.52,13.12,7.27,7.79,13.26,8.96
277,2018-02-23,4.94,5.15,3.86,25.1,12.95,7.33,7.83,13.3,8.99
278,2018-02-26,5.02,5.27,3.9,25.1,13.38,7.46,7.97,13.57,9.23
279,2018-02-27,4.98,5.28,3.89,25.4,13.37,7.39,7.92,13.59,9.2
280,2018-02-28,4.96,5.36,3.91,25.53,13.3,7.47,7.95,13.8,9.35
281,2018-03-01,4.97,5.4,3.9,25.89,13.38,7.5,7.98,13.75,9.41
282,2018-03-02,4.93,5.54,3.92,25.5,13.19,7.44,7.93,13.6,9.21
283,2018-03-05,4.94,5.54,3.98,25.56,13.66,7.51,7.91,13.38,9.23
284,2018-03-06,5.0,5.57,4.01,25.82,13.81,7.75,8.03,14.45,9.39
285,2018-03-07,4.94,5.49,3.93,25.94,13.69,7.75,7.91,14.25,9.22
286,2018-03-08,4.97,5.47,3.94,25.75,13.68,7.85,7.93,14.57,9.21
287,2018-03-09,5.01,5.58,3.98,25.66,13.81,7.88,8.03,14.64,9.46
288,2018-03-12,5.03,5.69,4.05,27.64,14.12,8.15,8.14,14.98,9.6
289,2018-03-13,4.98,5.72,4.01,26.7,13.9,8.04,8.03,14.68,9.43
290,2018-03-14,4.97,5.68,3.98,26.0,13.67,7.77,7.97,14.4,9.32
291,2018-03-15,4.94,5.56,3.96,25.95,13.64,8.26,7.92,14.63,9.22
292,2018-03-16,4.93,5.8,3.95,26.18,13.64,8.17,7.86,14.85,9.11
293,2018-03-19,4.98,6.38,4.03,25.15,13.91,8.2,7.89,14.64,9.16
294,2018-03-20,4.96,6.53,3.99,24.61,13.68,8.03,7.85,14.68,9.17
295,2018-03-21,4.96,6.21,3.97,24.6,13.96,8.03,7.9,14.8,9.21
296,2018-03-22,4.93,6.19,3.93,24.59,14.07,7.88,7.89,14.83,9.09
297,2018-03-23,4.89,5.59,3.71,22.76,13.46,7.53,7.62,14.13,8.65
298,2018-03-26,4.84,5.57,3.72,23.6,13.09,7.65,7.57,14.28,8.63
299,2018-03-27,4.87,5.7,3.77,24.69,13.28,7.75,7.66,14.72,8.8
300,2018-03-28,4.85,5.67,3.75,25.56,13.12,7.64,7.58,14.93,8.75
301,2018-03-29,4.89,5.95,3.82,25.6,13.13,7.76,7.73,15.3,8.95
302,2018-03-30,4.91,5.95,3.8,26.95,13.14,7.67,7.75,15.29,8.97
303,2018-04-02,4.92,5.83,3.8,27.3,13.04,7.58,7.83,15.06,9.09
304,2018-04-03,4.87,5.67,3.75,27.52,12.75,7.65,7.83,15.17,9.01
305,2018-04-04,4.84,5.75,3.76,26.9,12.67,7.54,7.74,14.86,8.89
306,2018-04-09,4.81,5.51,3.73,27.97,13.91,7.49,7.74,14.88,8.9
307,2018-04-10,4.86,5.55,3.76,25.93,13.6,7.62,7.87,15.1,9.06
308,2018-04-11,4.86,5.54,3.78,25.59,13.46,7.67,7.86,14.89,8.98
309,2018-04-12,4.81,6.09,4.15,26.0,13.8,7.97,7.79,15.03,8.88
310,2018-04-13,4.8,6.26,3.99,25.7,13.3,7.88,7.72,14.86,8.78
311,2018-04-16,4.73,5.87,3.89,28.27,12.95,7.72,7.6,14.47,8.53
312,2018-04-17,4.72,5.96,3.79,25.44,12.7,7.66,7.57,14.34,8.46
313,2018-04-18,4.74,5.88,3.84,23.94,13.08,7.69,7.65,14.33,8.61
314,2018-04-19,4.74,5.77,3.85,23.9,12.94,7.66,7.68,14.33,8.9
315,2018-04-20,4.64,5.66,3.74,23.2,12.69,7.48,7.41,14.13,8.75
316,2018-04-23,4.59,5.7,3.75,23.17,12.49,7.64,7.45,13.64,8.92
317,2018-04-24,4.67,5.87,3.81,23.62,12.78,7.8,7.64,14.0,9.07
318,2018-04-25,4.62,5.9,3.79,24.24,12.88,7.87,7.63,14.25,8.94
319,2018-04-26,4.55,5.71,3.81,23.49,12.55,7.65,7.5,14.08,8.65
320,2018-04-27,4.58,5.72,3.84,23.54,12.68,7.69,7.56,14.01,8.75
321,2018-05-02,4.7,5.66,3.81,23.45,12.6,7.6,7.62,13.97,8.76
322,2018-05-03,4.84,5.61,3.89,24.1,12.8,7.57,7.85,14.16,9.1
323,2018-05-04,4.84,5.82,3.84,23.0,12.67,7.58,7.79,13.94,8.96
324,2018-05-07,4.86,5.92,3.88,23.05,12.9,7.74,7.86,14.05,9.1
325,2018-05-08,4.88,5.99,3.89,23.07,12.99,7.93,7.87,14.12,9.06
326,2018-05-09,4.82,5.97,3.86,22.65,13.04,7.89,7.78,14.17,8.93
327,2018-05-10,4.86,6.17,3.85,22.81,13.04,7.86,7.82,14.06,8.98
328,2018-05-11,4.84,5.93,3.8,22.4,12.91,7.74,7.73,13.84,8.87
329,2018-05-14,4.86,5.79,3.79,22.0,12.83,7.75,7.71,13.68,8.87
330,2018-05-15,4.85,5.98,3.79,22.13,12.89,7.96,7.66,13.69,8.87
331,2018-05-16,4.79,5.9,3.79,22.32,12.77,7.85,7.58,13.61,8.71
332,2018-05-17,4.75,6.03,3.77,22.06,12.77,7.91,7.58,13.54,8.69
333,2018-05-18,4.78,6.06,3.8,22.31,13.26,8.04,7.64,13.64,8.81
334,2018-05-21,4.83,6.16,3.84,22.95,13.12,8.06,7.71,13.8,8.86
335,2018-05-22,4.81,6.19,3.85,23.04,13.11,7.98,7.71,13.73,8.83
336,2018-05-23,4.78,6.17,3.79,23.12,12.86,7.85,7.62,13.84,8.73
337,2018-05-24,4.71,6.14,3.77,23.92,12.73,7.86,7.55,13.85,8.68
338,2018-05-25,4.66,6.03,3.76,23.11,12.69,7.8,7.48,13.88,8.57
339,2018-05-28,4.66,5.92,3.74,22.15,12.54,7.9,7.45,13.68,8.63
340,2018-05-29,4.62,5.91,3.67,21.14,12.5,7.72,7.33,13.15,8.52
341,2018-05-30,4.51,5.61,3.56,19.49,12.12,7.54,6.99,12.66,8.08
342,2018-05-31,4.58,5.65,3.61,17.54,12.2,7.62,7.06,12.81,8.18
343,2018-06-01,4.6,5.6,3.61,16.9,12.14,7.64,7.09,12.86,8.22
344,2018-06-04,4.56,5.59,3.6,17.59,12.24,7.73,7.09,12.83,8.19
345,2018-06-05,4.59,5.6,3.61,17.54,12.32,7.75,7.18,12.87,8.27
346,2018-06-06,4.59,5.67,3.61,18.13,12.27,7.67,7.17,12.83,8.24
347,2018-06-07,4.62,5.66,3.59,18.61,12.28,7.7,7.16,12.82,8.26
348,2018-06-08,4.59,5.42,3.52,18.04,12.06,7.56,6.95,12.24,8.03
349,2018-06-11,4.63,5.49,3.52,17.1,11.74,7.41,6.9,12.29,7.99
350,2018-06-12,4.69,5.44,3.52,17.26,11.75,7.41,6.93,12.32,7.98
351,2018-06-13,4.62,5.32,3.45,16.79,11.41,7.26,6.83,12.05,7.74
352,2018-06-14,4.65,5.28,3.4,16.59,11.46,7.37,6.89,12.05,7.78
353,2018-06-15,4.62,5.08,3.32,15.37,11.32,7.29,6.8,10.99,7.78
354,2018-06-19,4.27,4.57,3.02,14.16,10.45,6.86,6.21,9.89,7.09
355,2018-06-20,4.36,4.68,3.04,14.85,10.51,6.89,6.28,9.59,7.1
356,2018-06-21,4.26,4.6,2.99,14.57,10.27,6.75,6.1,9.49,6.84
357,2018-06-22,4.3,4.68,3.15,14.92,10.46,6.83,6.21,9.67,6.99
358,2018-06-25,4.29,4.63,3.34,16.41,10.39,6.84,6.15,9.5,6.93
359,2018-06-26,4.3,4.66,3.35,17.09,10.4,6.84,6.27,9.68,7.04
360,2018-06-27,4.26,4.64,3.28,16.66,10.46,6.85,6.22,9.63,7.03
361,2018-06-28,4.28,4.6,3.29,14.99,10.51,6.79,6.28,9.65,7.07
362,2018-06-29,4.37,4.74,3.29,16.49,11.01,6.98,6.41,9.86,7.25
363,2018-07-02,4.33,4.69,3.14,16.85,10.71,6.89,6.24,9.66,7.08
364,2018-07-03,4.36,4.74,3.2,17.15,10.82,6.91,6.37,9.72,7.2
365,2018-07-04,4.33,4.67,3.14,16.53,10.65,6.84,6.3,9.45,7.11
366,2018-07-05,4.27,4.51,3.08,16.48,10.48,6.76,6.17,9.32,7.05
367,2018-07-06,4.31,4.48,3.1,15.24,10.5,6.76,6.25,9.48,7.16
368,2018-07-09,4.38,4.6,3.16,15.03,10.77,6.79,6.35,9.76,7.26
369,2018-07-10,4.38,4.66,3.16,15.24,10.8,6.77,6.33,9.73,7.22
370,2018-07-11,4.29,4.54,3.06,14.48,10.59,6.56,6.11,9.35,6.94
371,2018-07-12,4.39,4.64,3.07,14.67,10.82,6.61,6.35,9.43,7.1
372,2018-07-13,4.37,4.67,2.98,14.96,10.78,6.67,6.3,9.37,7.08
373,2018-07-16,4.4,4.67,2.94,14.82,10.8,6.58,6.23,9.28,7.01
374,2018-07-17,4.38,4.69,2.94,14.97,10.73,6.58,6.21,9.49,6.94
375,2018-07-18,4.32,5.16,2.94,15.14,10.7,6.58,6.16,9.34,6.88
376,2018-07-19,4.31,4.79,2.94,14.76,10.61,6.53,6.09,9.08,6.81
377,2018-07-20,4.4,5.27,2.94,15.24,11.01,6.68,6.27,9.49,6.98
378,2018-07-23,4.44,5.48,2.94,15.08,11.21,6.65,6.33,9.52,7.07
379,2018-07-24,4.51,5.36,2.94,15.18,11.25,6.89,6.46,9.8,7.23
380,2018-07-25,4.46,5.22,3.15,14.83,11.2,6.83,6.42,9.69,7.15
381,2018-07-26,4.48,5.16,3.21,14.63,11.14,6.73,6.43,9.97,7.15
382,2018-07-27,4.44,5.09,3.11,14.19,11.15,6.76,6.37,9.69,7.12
383,2018-07-30,4.44,4.97,3.0,13.85,11.13,6.68,6.28,9.31,7.0
384,2018-07-31,4.44,5.11,3.05,14.21,11.36,6.66,6.34,9.32,7.04
385,2018-08-01,4.38,4.91,2.98,13.38,11.06,6.59,6.21,9.07,6.94
386,2018-08-02,4.28,4.67,2.87,12.77,10.52,6.45,6.04,8.54,6.69
387,2018-08-03,4.26,4.61,2.84,12.88,10.57,6.4,5.99,8.4,6.62
388,2018-08-06,4.23,4.67,2.79,12.76,10.31,6.36,5.97,8.04,6.51
389,2018-08-07,4.33,4.8,2.87,13.13,10.65,6.43,6.12,8.38,6.71
390,2018-08-08,4.31,4.63,2.84,13.2,10.91,6.36,6.04,8.13,6.62
391,2018-08-09,4.37,4.73,2.89,13.37,11.12,6.41,6.2,8.39,6.73
392,2018-08-10,4.37,4.71,2.89,13.33,10.93,6.45,6.19,8.43,6.77
393,2018-08-13,4.38,4.71,2.89,13.06,10.83,6.43,6.17,8.55,6.73
394,2018-08-14,4.41,4.7,2.9,13.15,10.89,6.39,6.15,8.58,6.74
395,2018-08-15,4.37,4.63,2.91,13.33,10.63,6.35,6.06,8.31,6.57
396,2018-08-16,4.39,4.62,2.9,13.79,10.59,6.29,6.12,8.41,6.62
397,2018-08-17,4.3,4.48,2.86,13.49,10.43,6.26,6.07,8.39,6.59
398,2018-08-20,4.34,4.51,2.91,13.01,10.52,6.28,6.16,8.54,6.72
399,2018-08-21,4.41,4.56,2.92,13.13,10.59,6.35,6.21,8.56,6.74
400,2018-08-22,4.4,4.52,2.87,12.8,10.54,6.32,6.14,8.37,6.68
401,2018-08-23,4.42,4.55,2.89,13.03,10.6,6.34,6.18,8.48,6.73
402,2018-08-24,4.44,4.59,2.92,12.75,10.71,6.3,6.19,8.54,6.73
403,2018-08-27,4.47,4.63,2.96,12.81,10.98,6.37,6.29,8.59,6.81
404,2018-08-28,4.46,4.59,2.94,12.81,10.93,6.35,6.25,8.54,6.75
405,2018-08-29,4.46,4.51,2.91,12.65,11.06,6.38,6.22,8.34,6.72
406,2018-08-30,4.39,4.39,2.86,12.28,11.0,6.32,6.13,8.24,6.58
407,2018-08-31,4.46,4.23,2.83,12.25,11.02,6.34,6.12,8.02,6.65
408,2018-09-03,4.43,4.14,2.83,11.96,10.99,6.28,6.14,7.91,6.65
409,2018-09-04,4.48,4.21,2.84,12.1,11.3,6.32,6.22,7.98,6.7
410,2018-09-05,4.43,4.17,2.78,12.2,11.07,6.27,6.15,7.88,6.67
411,2018-09-06,4.43,4.16,2.79,11.91,11.06,6.27,6.12,7.76,6.65
412,2018-09-07,4.47,4.1,2.78,11.98,11.04,6.27,6.08,7.82,6.67
413,2018-09-10,4.36,3.93,2.75,11.68,10.74,6.17,5.94,7.41,6.53
414,2018-09-11,4.38,3.95,2.74,11.76,10.92,6.12,5.96,7.54,6.6
415,2018-09-12,4.42,4.0,2.76,11.96,11.0,6.13,5.97,7.87,6.72
416,2018-09-13,4.48,3.99,2.79,12.01,11.06,6.14,6.09,8.66,6.82
417,2018-09-14,4.47,3.93,2.76,12.04,10.88,6.11,6.06,8.49,6.74
418,2018-09-17,4.47,3.81,2.74,11.86,10.7,6.02,6.03,8.63,6.85
419,2018-09-18,4.52,3.88,2.78,12.15,10.82,6.1,6.13,9.38,6.93
420,2018-09-19,4.51,3.91,2.82,12.27,10.96,6.17,6.18,9.42,6.93
421,2018-09-20,4.47,3.9,2.8,12.08,10.96,6.18,6.17,9.15,6.9
422,2018-09-21,4.53,3.99,2.86,12.2,11.13,6.32,6.28,9.33,7.01
423,2018-09-25,4.51,3.93,2.82,12.25,11.09,6.22,6.24,9.06,6.89
424,2018-09-26,4.55,3.94,2.82,12.25,11.11,6.25,6.26,9.05,6.92
425,2018-09-27,4.48,3.82,2.8,11.9,11.12,6.22,6.18,9.12,6.83
426,2018-09-28,4.5,3.86,2.84,12.18,11.15,6.28,6.25,9.28,6.89
427,2018-10-08,4.36,3.69,2.73,11.89,10.68,6.04,6.06,8.59,6.62
428,2018-10-09,4.36,3.71,2.74,12.04,10.68,6.04,6.06,8.65,6.62
429,2018-10-10,4.37,3.73,2.74,11.86,10.74,6.03,6.09,8.53,6.63
430,2018-10-11,4.02,3.38,2.47,10.79,9.93,5.42,5.49,7.68,5.97
431,2018-10-12,3.92,3.32,2.44,10.75,9.99,5.54,5.3,7.77,5.77
432,2018-10-15,3.92,3.3,2.4,10.66,10.05,5.3,5.22,7.29,5.68
433,2018-10-16,3.93,3.17,2.36,10.48,9.7,5.17,5.12,8.01,5.64
434,2018-10-17,3.97,3.28,2.41,10.88,9.78,5.16,5.21,7.95,5.68
435,2018-10-18,3.89,3.15,2.33,10.31,9.55,5.02,5.11,8.1,5.57
436,2018-10-19,3.97,3.47,2.43,10.61,9.76,5.33,5.29,8.53,5.74
437,2018-10-22,4.37,3.82,2.67,11.44,10.63,5.86,5.82,9.38,6.31
438,2018-10-23,4.34,4.2,2.64,11.21,10.16,5.62,5.82,9.58,6.31
439,2018-10-24,4.4,4.48,2.72,11.6,10.38,5.9,6.02,9.57,6.52
440,2018-10-25,4.52,4.32,2.94,11.34,10.39,6.1,6.41,9.89,7.08
441,2018-10-26,4.44,3.95,2.84,11.19,10.33,5.98,6.2,9.37,6.9
442,2018-10-29,4.38,4.35,2.8,11.12,10.35,5.81,6.21,9.52,7.09
443,2018-10-30,4.55,4.79,2.94,11.39,10.75,5.95,6.51,10.07,7.43
444,2018-10-31,4.46,4.68,2.88,11.39,10.91,5.83,6.33,9.8,7.2
445,2018-11-01,4.48,4.68,2.88,11.61,10.97,5.85,6.35,9.65,7.17
446,2018-11-02,4.54,4.65,2.92,12.01,11.2,6.05,6.47,9.8,7.25
447,2018-11-05,4.57,4.83,2.97,12.8,11.18,5.98,6.55,9.86,7.32
448,2018-11-06,4.53,4.53,2.92,12.32,11.14,6.12,6.52,9.8,7.19
449,2018-11-07,4.44,4.47,2.86,12.24,11.03,6.11,6.37,9.63,7.05
450,2018-11-08,4.4,4.54,2.82,11.95,11.19,6.15,6.33,9.85,6.95
451,2018-11-09,4.4,4.52,2.83,11.7,11.06,6.12,6.35,9.6,7.22
452,2018-11-12,4.45,4.59,2.91,11.97,11.12,6.11,6.55,9.96,7.34
453,2018-11-13,4.55,4.88,3.06,12.34,11.22,6.28,6.87,10.67,7.47
454,2018-11-14,4.52,4.7,3.04,12.6,10.94,6.24,6.74,10.53,7.29
455,2018-11-15,4.6,4.8,3.09,12.88,11.65,6.44,7.0,10.97,7.5
456,2018-11-16,4.71,4.99,3.14,13.58,12.14,6.45,7.37,11.18,7.73
457,2018-11-19,4.81,5.22,3.18,14.24,12.03,6.56,7.47,11.42,8.49
458,2018-11-20,4.58,4.82,3.05,13.28,11.5,6.33,7.15,10.63,8.01
459,2018-11-21,4.58,4.93,3.06,13.58,11.45,6.3,7.1,10.73,7.97
460,2018-11-22,4.57,4.91,3.0,13.31,11.36,6.32,7.0,10.55,7.85
461,2018-11-23,4.45,4.51,2.85,12.55,10.95,6.09,6.73,9.97,7.58
462,2018-11-26,4.4,4.48,2.87,12.4,10.9,5.93,6.77,10.06,7.56
463,2018-11-27,4.43,4.5,2.89,12.41,10.83,6.0,6.81,10.06,7.59
464,2018-11-28,4.51,4.62,2.94,12.79,10.98,6.01,7.02,10.33,8.04
465,2018-11-29,4.43,4.38,2.86,12.02,10.69,5.94,6.68,9.69,7.6
466,2018-11-30,4.44,4.44,2.9,11.92,10.88,5.94,6.82,10.1,7.95
467,2018-12-03,4.56,4.82,2.99,12.38,11.28,6.21,7.03,10.44,8.04
468,2018-12-04,4.6,4.76,2.99,12.37,11.3,6.22,7.07,10.53,8.07
469,2018-12-05,4.52,4.58,2.9,12.4,11.17,6.14,6.99,10.23,7.93
470,2018-12-06,4.43,4.51,2.87,12.13,11.03,6.12,6.88,9.97,7.74
471,2018-12-07,4.45,4.52,2.88,12.12,10.95,6.05,6.87,9.94,7.69
472,2018-12-10,4.39,4.47,2.84,11.61,10.93,5.82,6.66,9.83,7.48
473,2018-12-11,4.39,4.57,2.84,11.67,10.84,5.86,6.67,9.91,7.47
474,2018-12-12,4.39,4.59,2.84,11.67,10.88,5.9,6.73,9.98,7.52
475,2018-12-13,4.42,4.52,2.87,11.69,10.9,5.94,6.77,10.05,7.57
476,2018-12-14,4.25,4.48,2.85,11.52,10.58,5.9,6.52,9.64,7.26
477,2018-12-17,4.22,4.57,2.74,11.48,10.56,5.88,6.58,9.73,7.34
478,2018-12-18,4.2,4.45,2.75,11.29,10.66,5.85,6.47,9.49,7.27
479,2018-12-19,4.16,4.41,2.72,11.34,10.6,5.83,6.47,9.36,7.33
480,2018-12-20,4.23,4.48,2.76,11.51,10.56,5.77,6.56,9.55,7.48
481,2018-12-21,4.14,4.38,2.75,11.33,10.27,5.72,6.51,9.58,7.45
482,2018-12-24,4.15,4.38,2.77,11.32,10.27,5.71,6.46,9.51,7.35
483,2018-12-25,4.07,4.18,2.7,11.01,10.08,5.64,6.27,9.33,7.03
484,2018-12-26,4.01,4.17,2.68,10.98,10.15,5.61,6.14,9.08,6.94
485,2018-12-27,3.99,4.07,2.67,11.04,10.1,5.61,6.16,8.92,6.8
486,2018-12-28,4.07,4.09,2.68,11.12,10.75,5.61,6.26,9.08,6.98
487,2019-01-02,4.04,4.07,2.67,11.11,10.24,5.61,6.28,9.17,7.01
488,2019-01-03,4.13,4.07,2.7,10.92,9.93,5.56,6.44,9.32,7.2
489,2019-01-04,4.42,4.4,2.88,11.35,10.38,5.69,6.97,10.18,7.92
490,2019-01-07,4.38,4.36,2.9,11.61,10.33,5.69,6.9,10.43,7.81
491,2019-01-08,4.4,4.33,2.9,11.44,10.26,5.63,7.05,10.5,7.82
492,2019-01-09,4.4,4.33,2.88,11.41,10.27,5.66,6.98,10.69,7.76
493,2019-01-10,4.33,4.32,2.84,11.34,10.16,5.56,6.91,10.41,7.69
494,2019-01-11,4.36,4.33,2.86,11.54,10.13,5.56,6.95,10.47,7.71
495,2019-01-14,4.32,4.31,2.85,11.25,10.19,5.59,6.88,10.4,7.63
496,2019-01-15,4.41,4.36,2.88,11.49,10.18,5.62,7.03,10.56,7.83
497,2019-01-16,4.38,4.31,2.86,11.4,10.14,5.58,6.92,10.47,7.71
498,2019-01-17,4.32,4.16,2.85,11.37,10.14,5.65,6.82,10.17,7.6
499,2019-01-18,4.38,4.17,2.88,11.49,10.19,5.72,6.9,10.17,7.71
500,2019-01-21,4.38,4.19,2.88,11.5,10.37,5.75,6.89,10.12,7.65
501,2019-01-22,4.34,4.16,2.83,11.3,10.15,5.69,6.77,10.01,7.63
502,2019-01-23,4.32,4.15,2.83,11.06,10.05,5.67,6.83,9.9,7.67
503,2019-01-24,4.38,4.14,2.85,11.06,10.11,5.62,6.92,10.08,7.8
504,2019-01-25,4.38,4.11,2.85,10.89,10.17,5.64,6.87,9.65,7.71
505,2019-01-28,4.39,4.08,2.84,10.8,10.12,5.67,6.68,9.51,7.71
506,2019-01-29,4.39,3.97,2.74,10.33,10.06,5.77,6.61,9.51,7.53
507,2019-01-30,4.35,4.0,2.71,10.33,10.05,5.61,6.55,9.25,7.41
508,2019-01-31,4.42,3.93,2.72,10.07,10.06,5.55,6.64,9.16,7.48
509,2019-02-01,4.5,4.03,2.8,10.57,10.21,5.7,6.86,9.5,7.71
